savedID,prayerID,userID,savedTime
1,3,1,2023-12-02 01:22:00
2,12,1,2023-12-02 01:23:00
3,20,2,2023-12-03 01:22:00
4,10,3,2023-12-02 01:22:00
5,15,3,2023-12-02 01:38:00
6,18,3,2023-04-09 01:27:00
7,11,4,2023-12-04 01:22:00
8,22,4,2023-12-02 01:20:00
9,13,4,2023-02-02 04:22:00
10,21,4,2023-11-02 01:22:00
11,8,5,2023-12-02 01:22:00
12,7,5,2023-12-02 09:22:00
13,17,5,2023-05-20 04:22:00
14,24,6,2023-12-02 01:22:00
15,12,6,2023-12-07 01:20:00
16,27,7,2023-12-02 13:22:00
17,10,8,2023-04-30 01:22:00
18,18,8,2023-12-02 09:22:00
19,2,8,2023-10-02 01:22:00
20,5,8,2023-12-02 01:22:00
21,21,8,2023-09-02 14:11:00
22,4,9,2023-12-02 05:20:00
23,7,10,2023-04-02 01:22:00
24,22,10,2023-12-01 01:21:00
25,2,11,2023-12-02 01:22:00
26,18,11,2023-05-12 01:22:00
27,27,11,2023-12-02 01:06:00
28,30,12,2023-03-09 01:22:00
29,12,12,2023-12-02 08:22:00
30,26,13,2023-12-09 01:22:00
31,23,13,2023-12-02 01:11:11
32,15,13,2023-12-10 01:22:00
33,18,14,2023-07-02 06:12:00
34,17,14,2023-12-02 03:02:00
35,7,15,2023-01-01 01:22:00
36,22,16,2023-12-02 01:02:00
37,16,17,2023-11-19 01:22:00
38,28,17,2023-12-02 01:22:00
39,4,17,2023-12-08 01:22:00
